TEMP_PLAYER_ID,PLAYER_ID,FIRST_NAME,LAST_NAME,PLAYER_NAME,POSITION,HEIGHT_WO_SHOES,HEIGHT_WO_SHOES_FT_IN,HEIGHT_W_SHOES,HEIGHT_W_SHOES_FT_IN,WEIGHT,WINGSPAN,WINGSPAN_FT_IN,STANDING_REACH,STANDING_REACH_FT_IN,BODY_FAT_PCT,HAND_LENGTH,HAND_WIDTH,SEASON_YEAR
1630173,1630173,Precious,Achiuwa,Precious Achiuwa,PF,79.5,6'7.50'',80.7,6'8.75'',234,84.75,7'0.75'',108.5,9'0.50'',6.7,9.0,10.0,2020
1630234,1630234,Ty-Shon,Alexander,Ty-Shon Alexander,SG,74.0,6'2.00'',76.0,6'4.00'',200.8,80.0,6'8.00'',100.0,8'4.00'',12.3,8.75,8.75,2020
1628962,1628962,Udoka,Azubuike,Udoka Azubuike,C,82.0,6'10.00'',83.5,6'11.50'',259.5,91.25,7'7.25'',109.0,9'1.00'',9.61,9.25,10.0,2020
1630189,1630189,Tyler,Bey,Tyler Bey,PF,78.0,6'6.00'',79.0,6'7.00'',212.8,85.25,7'1.25'',105.5,8'9.50'',5.0,8.5,9.0,2020
1630213,1630213,Yoeli,Childs,Yoeli Childs,PF,78.0,6'6.00'',79.0,6'7.00'',226.4,83.5,6'11.50'',106.0,8'10.00'',8.2,8.75,10.0,2020
1629603,1629603,Mamadi,Diakite,Mamadi Diakite,PF,80.5,6'8.50'',82.2,6'10.25'',222.1,87.75,7'3.75'',107.0,8'11.00'',7.83,9.0,10.25,2020
1629653,1629653,Devon,Dotson,Devon Dotson,PG,72.5,6'0.50'',73.7,6'1.75'',185.2,75.0,6'3.00'',95.0,7'11.00'',4.6,8.25,10.0,2020
1630220,1630220,Paul,Eboua,Paul Eboua,SF-PF,78.0,6'6.00'',79.5,6'7.50'',222.2,87.5,7'3.50'',108.0,9'0.00'',3.8,9.0,10.25,2020
1629604,1629604,CJ,Elleby,CJ Elleby,SG-SF,77.5,6'5.50'',78.2,6'6.25'',198.6,79.25,6'7.25'',100.5,8'4.50'',4.2,8.75,10.0,2020
1630235,1630235,Trent,Forrest,Trent Forrest,PG,75.5,6'3.50'',76.7,6'4.75'',203,79.5,6'7.50'',102.5,8'6.50'',5.65,9.0,9.75,2020
1630182,1630182,Josh,Green,Josh Green,SG-SF,76.5,6'4.50'',77.5,6'5.50'',214,81.75,6'9.75'',101.5,8'5.50'',6.8,8.0,8.75,2020
1630204,1630204,Ashton,Hagans,Ashton Hagans,PG,73.5,6'1.50'',74.5,6'2.50'',193,80.0,6'8.00'',99.5,8'3.50'',4.1,9.0,9.0,2020
1630221,1630221,Joshua,Hall,Joshua Hall,SF,78.0,6'6.00'',79.5,6'7.50'',196.6,83.0,6'11.00'',104.5,8'8.50'',7.6,8.75,9.5,2020
1630223,1630223,Jalen,Harris,Jalen Harris,SG,74.75,6'2.75'',76.2,6'4.25'',193.4,79.0,6'7.00'',97.5,8'1.50'',4.4,8.25,9.5,2020
1630210,1630210,Markus,Howard,Markus Howard,PG,69.5,5'9.50'',71.0,5'11.00'',170.8,72.25,6'0.25'',91.5,7'7.50'',9.91,8.5,7.75,2020
1630190,1630190,Elijah,Hughes,Elijah Hughes,SF-SG,76.75,6'4.75'',78.5,6'6.50'',229,79.5,6'7.50'',101.5,8'5.50'',10.2,8.5,8.75,2020
1630198,1630198,Isaiah,Joe,Isaiah Joe,SG,75.0,6'3.00'',76.5,6'4.50'',170.4,79.5,6'7.50'',101.0,8'5.00'',4.7,8.25,8.25,2020
1630222,1630222,Mason,Jones,Mason Jones,SG,75.75,6'3.75'',77.7,6'5.75'',207.2,79.0,6'7.00'',102.5,8'6.50'',8.9,8.75,8.5,2020
1630233,1630233,Nathan,Knight,Nathan Knight,PF-C,80.0,6'8.00'',81.7,6'9.75'',235,86.0,7'2.00'',109.5,9'1.50'',8.2,9.0,9.5,2020
1630177,1630177,Theo,Maledon,Theo Maledon,PG,76.0,6'4.00'',77.0,6'5.00'',187.4,80.75,6'8.75'',100.5,8'4.50'',2.8,8.5,10.0,2020
1630211,1630211,Karim,Mane,Karim Mane,PG-SG,77.0,6'5.00'',78.0,6'6.00'',196,83.0,6'11.00'',102.0,8'6.00'',3.73,8.5,9.75,2020
1630230,1630230,Naji,Marshall,Naji Marshall,SF,77.75,6'5.75'',79.0,6'7.00'',233.5,84.75,7'0.75'',102.5,8'6.50'',8.7,9.25,10.5,2020
1630231,1630231,Kenyon,Martin Jr.,Kenyon Martin Jr.,SF-PF,78.0,6'6.00'',79.0,6'7.00'',213.2,79.25,6'7.25'',102.0,8'6.00'',5.9,8.5,8.75,2020
1630219,1630219,Skylar,Mays,Skylar Mays,SG,75.0,6'3.00'',76.0,6'4.00'',204,78.0,6'6.00'',99.0,8'3.00'',7.4,8.0,9.75,2020
1630192,1630192,Zeke,Nnaji,Zeke Nnaji,PF-C,81.25,6'9.25'',82.5,6'10.50'',246.8,86.0,7'2.00'',105.5,8'9.50'',5.9,9.0,10.5,2020
1629670,1629670,Jordan,Nwora,Jordan Nwora,SF-PF,77.75,6'5.75'',79.0,6'7.00'',223,82.25,6'10.25'',104.0,8'8.00'',11.68,8.5,9.25,2020
1629617,1629617,Reggie,Perry,Reggie Perry,PF-C,80.25,6'8.25'',81.2,6'9.25'',249.6,84.25,7'0.25'',106.5,8'10.50'',8.4,9.25,11.0,2020
1629619,1629619,Myles,Powell,Myles Powell,PG-SG,72.5,6'0.50'',73.5,6'1.50'',194,79.0,6'7.00'',99.0,8'3.00'',15.8,8.0,9.0,2020
1630193,1630193,Immanuel,Quickley,Immanuel Quickley,SG,74.0,6'2.00'',75.0,6'3.00'',185.8,80.25,6'8.25'',99.0,8'3.00'',8.2,8.0,8.75,2020
1630186,1630186,Jahmi'us,Ramsey,Jahmi'us Ramsey,SG,74.5,6'2.50'',75.7,6'3.75'',193.4,78.0,6'6.00'',100.5,8'4.50'',3.4,8.75,9.75,2020
1630194,1630194,Paul,Reed Jr.,Paul Reed Jr.,PF,80.5,6'8.50'',81.2,6'9.25'',219.2,86.0,7'2.00'',109.5,9'1.50'',6.83,9.0,8.75,2020
1630208,1630208,Nick,Richards,Nick Richards,C,82.5,6'10.50'',83.5,6'11.50'',241.6,86.25,7'2.25'',110.0,9'2.00'',8.5,9.0,9.0,2020
1630203,1630203,Grant,Riller,Grant Riller,PG-SG,72.25,6'0.25'',73.0,6'1.00'',178.4,77.25,6'5.25'',96.5,8'0.50'',5.4,8.0,8.5,2020
1630206,1630206,Jayden,Scrubb,Jayden Scrubb,SG-SF,77.0,6'5.00'',78.2,6'6.25'',185.2,81.5,6'9.50'',104.5,8'8.50'',3.7,8.25,9.75,2020
1630188,1630188,Jalen,Smith,Jalen Smith,PF-C,81.25,6'9.25'',82.2,6'10.25'',224.6,86.25,7'2.25'',110.0,9'2.00'',3.7,9.25,9.25,2020
1630199,1630199,Cassius,Stanley,Cassius Stanley,SG,77.0,6'5.00'',78.2,6'6.25'',201.6,79.0,6'7.00'',99.5,8'3.50'',5.8,8.25,9.0,2020
1630205,1630205,Lamar,Stevens,Lamar Stevens,SF-PF,77.75,6'5.75'',78.7,6'6.75'',228,81.0,6'9.00'',101.0,8'5.00'',6.8,8.5,9.75,2020
1630191,1630191,Isaiah,Stewart,Isaiah Stewart,C,79.25,6'7.25'',80.5,6'8.50'',243,88.75,7'4.75'',108.5,9'0.50'',7.5,9.0,10.5,2020
1630179,1630179,Tyrell,Terry,Tyrell Terry,PG,73.5,6'1.50'',75.0,6'3.00'',170,73.75,6'1.75'',96.0,8'0.00'',7.6,7.5,8.25,2020
1629681,1629681,Killian,Tillie,Killian Tillie,PF,80.75,6'8.75'',82.0,6'10.00'',221.6,80.0,6'8.00'',106.0,8'10.00'',12.43,8.25,9.25,2020
1630214,1630214,Xavier,Tillman Sr.,Xavier Tillman Sr.,PF-C,79.5,6'7.50'',80.5,6'8.50'',266.5,86.0,7'2.00'',106.0,8'10.00'',8.5,10.25,11.0,2020
1629700,1629700,Kaleb,Wesson,Kaleb Wesson,C,81.25,6'9.25'',82.2,6'10.25'',252.6,87.5,7'3.50'',111.5,9'3.50'',12.5,9.0,10.75,2020
1630232,1630232,Kahlil,Whitney,Kahlil Whitney,SF,77.5,6'5.50'',79.0,6'7.00'',205,84.25,7'0.25'',105.5,8'9.50'',5.3,9.25,10.25,2020
1630216,1630216,Cassius,Winston,Cassius Winston,PG,72.5,6'0.50'',73.5,6'1.50'',196,78.0,6'6.00'',97.0,8'1.00'',9.0,8.75,8.25,2020
1630218,1630218,Robert,Woodard II,Robert Woodard II,SF,77.5,6'5.50'',79.0,6'7.00'',230.2,86.0,7'2.00'',105.5,8'9.50'',4.5,9.0,10.75,2020
1630546,1630546,Max,Abmas,Max Abmas,PG,70.5,5'10.5'',71.75,5'11.75'',161.80,73.75,6'1.75'',94.0,7'10.0'',5.5,8.0,7.75,2021
1630534,1630534,Ochai,Agbaji,Ochai Agbaji,SG,76.5,6'4.5'',77.5,6'5.5'',214.40,82.0,6'10.0'',103.5,8'7.5'',4.15,9.0,8.75,2021
1630542,1630542,Marcus,Bagley,Marcus Bagley,SF,78.0,6'6.0'',79.75,6'7.75'',216.80,83.0,6'11.0'',102.5,8'6.5'',7.5,8.75,8.5,2021
1630567,1630567,Scottie,Barnes,Scottie Barnes,SF,79.0,6'7.0'',80.0,6'8.0'',225.40,86.75,7'2.75'',108.0,9'0.0'',5.3,9.25,10.25,2021
1629646,1629646,Charles,Bassey,Charles Bassey,C,81.25,6'9.25'',82.25,6'10.25'',230.20,87.0,7'3.0'',107.5,8'11.5'',5.9,9.0,9.5,2021
1630527,1630527,Brandon,Boston Jr.,Brandon Boston Jr.,SF,77.75,6'5.75'',79.0,6'7.0'',188.00,82.75,6'10.75'',104.0,8'8.0'',6.0,9.0,9.75,2021
1630547,1630547,James,Bouknight,James Bouknight,SG,75.5,6'3.5'',76.75,6'4.75'',190.00,80.25,6'8.25'',101.5,8'5.5'',5.5,8.75,9.0,2021
1630535,1630535,Greg,Brown III,Greg Brown III,PF,79.25,6'7.25'',80.5,6'8.5'',206.40,84.25,7'0.25'',107.0,8'11.0'',5.5,9.0,9.75,2021
1630215,1630215,Jared,Butler,Jared Butler,PG,74.25,6'2.25'',75.75,6'3.75'',193.00,76.0,6'4.0'',98.5,8'2.5'',5.1,8.5,8.25,2021
1630577,1630577,Julian,Champagnie,Julian Champagnie,SF,78.5,6'6.5'',79.5,6'7.5'',217.40,82.0,6'10.0'',106.5,8'10.5'',8.0,9.0,8.5,2021
1630551,1630551,Justin,Champagnie,Justin Champagnie,PF,77.75,6'5.75'',78.75,6'6.75'',206.40,81.5,6'9.5'',104.0,8'8.0'',6.3,8.75,8.5,2021
1630528,1630528,Josh,Christopher,Josh Christopher,SG,75.25,6'3.25'',76.5,6'4.5'',214.80,81.25,6'9.25'',101.0,8'5.0'',5.8,8.75,8.5,2021
1630536,1630536,Sharife,Cooper,Sharife Cooper,PG,,,,,,,,,,,,,2021
1630595,1630595,Cade,Cunningham,Cade Cunningham,PG,,,,,,,,,,,,,2021
1630245,1630245,Ayo,Dosunmu,Ayo Dosunmu,SG,75.5,6'3.5'',77.0,6'5.0'',194.40,82.25,6'10.25'',102.0,8'6.0'',4.9,8.5,8.75,2021
1630561,1630561,David,Duke Jr.,David Duke Jr.,SG,76.25,6'4.25'',77.5,6'5.5'',203.60,80.75,6'8.75'',102.5,8'6.5'',5.9,8.5,9.0,2021
1630556,1630556,Kessler,Edwards,Kessler Edwards,PF,79.0,6'7.0'',80.0,6'8.0'',203.00,83.25,6'11.25'',106.0,8'10.0'',4.3,8.5,8.25,2021
1630568,1630568,Luka,Garza,Luka Garza,C,82.0,6'10.0'',83.25,6'11.25'',242.80,85.5,7'1.5'',107.5,8'11.5'',11.7,9.0,9.25,2021
1630564,1630564,RaiQuan,Gray,RaiQuan Gray,PF,78.5,6'6.5'',79.75,6'7.75'',268.60,82.75,6'10.75'',105.0,8'9.0'',17.3,9.25,9.0,2021
1630224,1630224,Jalen,Green,Jalen Green,SG,,,,,,,,,,,,,2021
1629656,1629656,Quentin,Grimes,Quentin Grimes,SG,76.0,6'4.0'',77.25,6'5.25'',205.00,80.0,6'8.0'',101.0,8'5.0'',6.6,8.5,10.0,2021
1630573,1630573,Sam,Hauser,Sam Hauser,SF,78.75,6'6.75'',80.0,6'8.0'',217.40,81.25,6'9.25'',102.0,8'6.0'',7.9,8.25,9.0,2021
1630565,1630565,Aaron,Henry,Aaron Henry,SF,76.5,6'4.5'',78.0,6'6.0'',209.60,82.75,6'10.75'',103.5,8'7.5'',5.6,8.5,9.25,2021
1630574,1630574,Ariel,Hukporti,Ariel Hukporti,C,82.75,6'10.75'',84.0,7'0.0'',246.00,86.5,7'2.5'',111.5,9'3.5'',8.1,9.5,9.5,2021
1630562,1630562,Matt,Hurt,Matt Hurt,PF,80.5,6'8.5'',81.5,6'9.5'',232.40,81.5,6'9.5'',106.5,8'10.5'',15.2,9.0,9.0,2021
1630538,1630538,Nah'Shon,Hyland,Nah'Shon Hyland,SG,74.0,6'2.0'',75.5,6'3.5'',169.00,81.25,6'9.25'',101.5,8'5.5'',5.8,8.75,9.0,2021
1630543,1630543,Isaiah,Jackson,Isaiah Jackson,C,,,,,,,,,,,,,2021
1630525,1630525,David,Johnson,David Johnson,SG,75.25,6'3.25'',76.75,6'4.75'',202.80,82.5,6'10.5'',104.0,8'8.0'',7.5,8.25,8.5,2021
1630552,1630552,Jalen,Johnson,Jalen Johnson,PF,79.75,6'7.75'',81.25,6'9.25'',209.60,84.25,7'0.25'',106.0,8'10.0'',4.5,9.75,10.5,2021
1630553,1630553,Keon,Johnson,Keon Johnson,SG,75.5,6'3.5'',76.75,6'4.75'',184.80,79.25,6'7.25'',97.0,8'1.0'',4.4,8.5,9.0,2021
210019,1630637,Carlik,Jones,Carlik Jones,PG,72.0,6'0.0'',73.0,6'1.0'',173.60,77.0,6'5.0'',97.5,8'1.5'',4.5,8.25,9.0,2021
1630539,1630539,Kai,Jones,Kai Jones,PF,82.0,6'10.0'',83.5,6'11.5'',221.40,85.75,7'1.75'',110.5,9'2.5'',4.7,9.0,9.5,2021
1630529,1630529,Herbert,Jones,Herbert Jones,SF,78.0,6'6.0'',79.25,6'7.25'',206.40,84.25,7'0.25'',106.0,8'10.0'',5.8,8.5,9.0,2021
1630548,1630548,Johnny,Juzang,Johnny Juzang,SG,77.5,6'5.5'',79.0,6'7.0'',209.00,82.5,6'10.5'',100.5,8'4.5'',8.0,8.5,9.5,2021
1630557,1630557,Corey,Kispert,Corey Kispert,SF,78.0,6'6.0'',79.25,6'7.25'',223.80,79.0,6'7.0'',102.0,8'6.0'',6.8,8.75,10.0,2021
1630228,1630228,Jonathan,Kuminga,Jonathan Kuminga,SF,,,,,,,,,,,,,2021
210040,1630639,AJ,Lawson,AJ Lawson,SG-SF,77.5,6'5.5'',78.75,6'6.75'',179.20,78.75,6'6.75'',99.5,8'3.5'',4.4,8.5,9.25,2021
1630575,1630575,Scottie,Lewis,Scottie Lewis,SF,76.0,6'4.0'',77.25,6'5.25'',187.60,84.0,7'0.0'',101.5,8'5.5'',4.7,8.75,9.75,2021
1630587,1630587,Isaiah,Livers,Isaiah Livers,SF,77.75,6'5.75'',79.25,6'7.25'',231.80,81.25,6'9.25'',104.5,8'8.5'',9.4,9.0,9.5,2021
1630588,1630588,Makur,Maker,Makur Maker,C,82.25,6'10.25'',83.25,6'11.25'',232.20,85.75,7'1.75'',112.0,9'4.0'',14.5,8.75,9.5,2021
1630572,1630572,Sandro,Mamukelashvili,Sandro Mamukelashvili,C,81.0,6'9.0'',82.0,6'10.0'',239.80,85.25,7'1.25'',106.5,8'10.5'',7.8,9.0,9.5,2021
1630544,1630544,Tre,Mann,Tre Mann,PG,75.25,6'3.25'',76.25,6'4.25'',177.60,76.0,6'4.0'',98.5,8'2.5'',4.1,8.0,9.0,2021
1630571,1630571,Matthew,Mayer,Matthew Mayer,PF,,,,,,,,,,,,,2021
1630540,1630540,Miles,McBride,Miles McBride,PG,73.0,6'1.0'',74.5,6'2.5'',195.20,80.75,6'8.75'',99.5,8'3.5'',6.0,9.0,9.5,2021
1630558,1630558,Davion,Mitchell,Davion Mitchell,PG,72.0,6'0.0'',73.25,6'1.25'',202.40,76.25,6'4.25'',96.5,8'0.5'',6.2,8.25,8.75,2021
1630596,1630596,Evan,Mobley,Evan Mobley,PF,,,,,,,,,,,,,2021
1630600,1630600,Isaiah,Mobley,Isaiah Mobley,PF,80.0,6'8.0'',81.75,6'9.75'',238.00,87.0,7'3.0'',107.5,8'11.5'',12.9,9.0,10.0,2021
1630541,1630541,Moses,Moody,Moses Moody,SG,76.5,6'4.5'',78.0,6'6.0'',210.60,84.75,7'0.75'',105.0,8'9.0'',6.8,9.0,10.0,2021
1630530,1630530,Trey,Murphy III,Trey Murphy III,SF,79.5,6'7.5'',81.25,6'9.25'',206.00,84.0,7'0.0'',105.5,8'9.5'',8.1,8.5,9.0,2021
1630227,1630227,Daishen,Nix,Daishen Nix,PG,75.0,6'3.0'',76.25,6'4.25'',225.60,78.75,6'6.75'',100.0,8'4.0'',11.8,8.5,9.0,2021
1630566,1630566,John,Petty Jr.,John Petty Jr.,SG,76.5,6'4.5'',77.75,6'5.75'',186.20,81.5,6'9.5'',103.5,8'7.5'',5.6,8.5,9.0,2021
1630582,1630582,Yves,Pons,Yves Pons,PF,77.5,6'5.5'',78.75,6'6.75'',206.40,84.75,7'0.75'',104.0,8'8.0'',4.0,9.0,9.25,2021
1630554,1630554,Jason,Preston,Jason Preston,PG,75.0,6'3.0'',76.0,6'4.0'',180.60,80.5,6'8.5'',100.5,8'4.5'',5.45,8.5,9.25,2021
1630563,1630563,Joshua,Primo,Joshua Primo,SG,76.0,6'4.0'',77.0,6'5.0'',189.00,81.25,6'9.25'',102.5,8'6.5'',6.3,9.0,10.0,2021
1630576,1630576,Roko,Prkacin,Roko Prkacin,PF,79.5,6'7.5'',81.25,6'9.25'',225.40,83.0,6'11.0'',107.0,8'11.0'',7.0,8.75,9.25,2021
1629674,1629674,Neemias,Queta,Neemias Queta,C,83.25,6'11.25'',84.5,7'0.5'',248.40,88.0,7'4.0'',112.5,9'4.5'',7.6,9.25,10.5,2021
1630559,1630559,Austin,Reaves,Austin Reaves,SG,76.5,6'4.5'',77.75,6'5.75'',197.20,78.25,6'6.25'',101.0,8'5.0'',11.0,8.0,8.25,2021
1630526,1630526,Jeremiah,Robinson-Earl,Jeremiah Robinson-Earl,PF,79.75,6'7.75'',81.0,6'9.0'',242.40,81.75,6'9.75'',105.5,8'9.5'',8.9,9.0,9.75,2021
1630545,1630545,Terrence,Shannon Jr.,Terrence Shannon Jr.,SF,77.5,6'5.5'',78.5,6'6.5'',206.60,80.25,6'8.25'',100.0,8'4.0'',6.7,8.0,8.0,2021
1630549,1630549,Day'Ron,Sharpe,Day'Ron Sharpe,C,,,,,,,,,,,,,2021
1630579,1630579,Jericho,Sims,Jericho Sims,C,81.0,6'9.0'',82.0,6'10.0'',250.20,87.25,7'3.25'',106.0,8'10.0'',5.5,9.0,9.75,2021
1630531,1630531,Jaden,Springer,Jaden Springer,SG,75.0,6'3.0'',76.25,6'4.25'',202.00,79.75,6'7.75'',99.0,8'3.0'',6.3,8.5,9.75,2021
1630569,1630569,DJ,Steward,DJ Steward,PG,72.75,6'0.75'',73.75,6'1.75'',162.20,79.0,6'7.0'',98.5,8'2.5'',5.0,8.5,9.0,2021
1630560,1630560,Cam,Thomas,Cam Thomas,SG,,,,,,,,,,,,,2021
1630550,1630550,JT,Thor,JT Thor,PF,80.5,6'8.5'',81.25,6'9.25'',203.00,87.25,7'3.25'',110.0,9'2.0'',6.1,9.25,9.5,2021
1630225,1630225,Isaiah,Todd,Isaiah Todd,PF,80.75,6'8.75'',82.0,6'10.0'',219.00,85.25,7'1.25'',107.5,8'11.5'',6.2,9.0,9.75,2021
210037,1630613,Duane,Washington Jr.,Duane Washington Jr.,SG,74.25,6'2.25'',75.75,6'3.75'',196.80,79.75,6'7.75'',101.0,8'5.0'',5.1,8.25,8.75,2021
1630570,1630570,Trendon,Watford,Trendon Watford,PF,79.5,6'7.5'',80.75,6'8.75'',237.40,86.25,7'2.25'',105.0,8'9.0'',10.1,9.5,9.5,2021
1630580,1630580,Joe,Wieskamp,Joe Wieskamp,SF,77.75,6'5.75'',79.25,6'7.25'',204.80,83.0,6'11.0'',103.0,8'7.0'',4.1,8.5,9.25,2021
210038,1630598,Aaron,Wiggins,Aaron Wiggins,SG-SF,76.5,6'4.5'',77.0,6'5.0'',190.00,81.75,6'9.75'',103.0,8'7.0'',5.0,8.75,8.5,2021
1630533,1630533,Ziaire,Williams,Ziaire Williams,SF,80.25,6'8.25'',81.75,6'9.75'',188.40,82.25,6'10.25'',106.5,8'10.5'',4.4,9.0,8.75,2021
1630589,1630589,Moses,Wright,Moses Wright,PF,79.75,6'7.75'',81.0,6'9.0'',225.80,84.75,7'0.75'',107.0,8'11.0'',5.6,9.0,9.5,2021
1630593,1630593,McKinley,Wright IV,McKinley Wright IV,PG,71.25,5'11.25'',72.25,6'0.25'',192.20,77.25,6'5.25'',94.0,7'10.0'',6.7,8.5,9.0,2021
1630681,1630681,Marcus,Zegarowski,Marcus Zegarowski,PG,72.75,6'0.75'',74.0,6'2.0'',180.80,74.75,6'2.75'',96.0,8'0.0'',7.2,8.0,9.5,2021
1630534,1630534,Ochai,Agbaji,Ochai Agbaji,SG,76.5,6' 4.50'',77.75,6' 5.75'',216.80,82.25,6' 10.25'',104.0,8' 8.00'',5.4,8.75,9.5,2022
1631116,1631116,Patrick,Baldwin Jr.,Patrick Baldwin Jr.,SF,81.25,6' 9.25'',82.25,6' 10.25'',230.80,85.75,7' 1.75'',110.5,9' 2.50'',8.9,8.75,9.5,2022
1631094,1631094,Paolo,Banchero,Paolo Banchero,PF,,,,,,,,,,,,,2022
1631230,1631230,Dominick,Barlow,Dominick Barlow,PF,80.75,6' 8.75'',81.75,6' 9.75'',221.00,87.0,7' 3.00'',108.5,9' 0.50'',5.9,9.0,10.5,2022
1630699,1630699,MarJon,Beauchamp,MarJon Beauchamp,SG,77.25,6' 5.25'',78.5,6' 6.50'',196.60,84.75,7' 0.75'',106.0,8' 10.00'',5.3,9.0,9.0,2022
1630656,1630656,Hugo,Besson,Hugo Besson,SG,76.5,6' 4.50'',77.75,6' 5.75'',180.40,77.5,6' 5.50'',102.0,8' 6.00'',8.8,7.5,8.5,2022
1631103,1631103,Malaki,Branham,Malaki Branham,SG,76.0,6' 4.00'',77.5,6' 5.50'',194.80,82.0,6' 10.00'',102.5,8' 6.50'',6.1,8.5,9.75,2022
1631128,1631128,Christian,Braun,Christian Braun,SG,77.5,6' 5.50'',79.0,6' 7.00'',209.20,78.5,6' 6.50'',99.5,8' 3.50'',6.2,8.0,8.5,2022
1631112,1631112,Kendall,Brown,Kendall Brown,SF,78.25,6' 6.25'',79.5,6' 7.50'',201.20,83.0,6' 11.00'',103.0,8' 7.00'',4.9,9.0,9.0,2022
1631219,1631219,John,Butler Jr.,John Butler Jr.,PF,83.75,6' 11.75'',84.75,7' 0.75'',174.40,86.25,7' 2.25'',112.0,9' 4.00'',4.7,8.5,8.75,2022
1630577,1630577,Julian,Champagnie,Julian Champagnie,SF,78.25,6' 6.25'',79.75,6' 7.75'',212.40,82.0,6' 10.00'',107.0,8' 11.00'',7.1,8.75,9.25,2022
1631113,1631113,Kennedy,Chandler,Kennedy Chandler,PG,71.5,5' 11.50'',72.5,6' 0.50'',172.20,77.25,6' 5.25'',97.0,8' 1.00'',4.4,8.5,9.5,2022
1631108,1631108,Max,Christie,Max Christie,SG,76.25,6' 4.25'',77.75,6' 5.75'',189.20,80.75,6' 8.75'',102.5,8' 6.50'',4.8,8.0,8.5,2022
1630594,1630594,Kofi,Cockburn,Kofi Cockburn,C,83.0,6' 11.00'',84.0,7' 0.00'',293.00,88.25,7' 4.25'',110.5,9' 2.50'',8.2,9.75,10.25,2022
1630700,1630700,Dyson,Daniels,Dyson Daniels,SG,78.0,6' 6.00'',79.5,6' 7.50'',195.20,82.5,6' 10.50'',105.0,8' 9.00'',4.9,8.5,9.75,2022
1631098,1631098,Johnny,Davis,Johnny Davis,PG,76.25,6' 4.25'',77.75,6' 5.75'',196.40,80.5,6' 8.50'',103.5,8' 7.50'',6.7,8.5,10.25,2022
1631120,1631120,JD,Davison,JD Davison,PG,72.5,6' 0.50'',74.5,6' 2.50'',191.80,78.5,6' 6.50'',99.5,8' 3.50'',7.8,8.5,9.5,2022
1630620,1630620,Darius,Days,Darius Days,SF-PF,,,,,,,,,,,,,2022
1631217,1631217,Moussa,Diabate,Moussa Diabate,C,81.25,6' 9.25'',82.25,6' 10.25'',216.60,86.5,7' 2.50'',109.5,9' 1.50'',2.7,8.5,10.5,2022
1631172,1631172,Ousmane,Dieng,Ousmane Dieng,SF,,,,,,,,,,,,,2022
1631215,1631215,Khalifa,Diop,Khalifa Diop,C,,,,,,,,,,,,,2022
1631105,1631105,Jalen,Duren,Jalen Duren,C,,,,,,,,,,,,,2022
1631106,1631106,Tari,Eason,Tari Eason,PF,78.75,6' 6.75'',80.0,6' 8.00'',217.40,86.0,7' 2.00'',107.5,8' 11.50'',5.9,9.25,11.0,2022
1631165,1631165,Keon,Ellis,Keon Ellis,SG,75.5,6' 3.50'',76.75,6' 4.75'',167.40,80.5,6' 8.50'',102.0,8' 6.00'',3.8,8.0,9.25,2022
1630701,1630701,Michael,Foster Jr.,Michael Foster Jr.,C,79.75,6' 7.75'',81.25,6' 9.25'',236.60,84.25,7' 0.25'',109.5,9' 1.50'',6.2,8.75,10.0,2022
1631221,1631221,Collin,Gillespie,Collin Gillespie,PG,73.5,6' 1.50'',74.75,6' 2.75'',195.80,76.0,6' 4.00'',98.0,8' 2.00'',8.6,8.25,9.0,2022
1631100,1631100,AJ,Griffin,AJ Griffin,SF,,,,,,,,,,,,,2022
1630702,1630702,Jaden,Hardy,Jaden Hardy,SG,,,,,,,,,,,,,2022
1631199,1631199,Ron,Harper Jr.,Ron Harper Jr.,SF,76.0,6' 4.00'',77.5,6' 5.50'',240.40,85.25,7' 1.25'',105.5,8' 9.50'',14.3,9.5,10.0,2022
1631096,1631096,Chet,Holmgren,Chet Holmgren,PF,,,,,,,,,,,,,2022
1631127,1631127,Harrison,Ingram,Harrison Ingram,SF,77.25,6' 5.25'',79.0,6' 7.00'',232.80,84.25,7' 0.25'',103.5,8' 7.50'',8.3,9.0,10.0,2022
1631093,1631093,Jaden,Ivey,Jaden Ivey,PG,,,,,,,,,,,,,2022
1631218,1631218,Trayce,Jackson-Davis,Trayce Jackson-Davis,C,,,,,,,,,,,,,2022
1631107,1631107,Nikola,Jovic,Nikola Jovic,SF,81.5,6' 9.50'',83.0,6' 11.00'',222.60,84.25,7' 0.25'',108.5,9' 0.50'',7.4,8.75,9.75,2022
1630548,1630548,Johnny,Juzang,Johnny Juzang,SG,77.25,6' 5.25'',78.5,6' 6.50'',208.60,83.0,6' 11.00'',102.5,8' 6.50'',7.5,8.5,9.5,2022
1631130,1631130,Ismael,Kamagate,Ismael Kamagate,PF,,,,,,,,,,,,,2022
1631211,1631211,Trevor,Keels,Trevor Keels,SG,75.25,6' 3.25'',76.75,6' 4.75'',223.80,79.25,6' 7.25'',101.0,8' 5.00'',13.5,8.25,9.0,2022
1631117,1631117,Walker,Kessler,Walker Kessler,C,84.25,7' 0.25'',85.0,7' 1.00'',256.00,88.25,7' 4.25'',113.0,9' 5.00'',14.7,8.5,8.5,2022
1631132,1631132,Christian,Koloko,Christian Koloko,C,82.75,6' 10.75'',84.0,7' 0.00'',221.00,89.25,7' 5.25'',113.0,9' 5.00'',5.7,9.0,10.75,2022
1631222,1631222,Jake,LaRavia,Jake LaRavia,PF,78.75,6' 6.75'',80.0,6' 8.00'',227.20,81.5,6' 9.50'',104.0,8' 8.00'',9.0,8.5,10.25,2022
1631171,1631171,Justin,Lewis,Justin Lewis,PF,78.25,6' 6.25'',79.5,6' 7.50'',235.40,86.5,7' 2.50'',105.5,8' 9.50'',7.3,9.0,10.5,2022
1630604,1630604,E.J.,Liddell,E.J. Liddell,PF,77.5,6' 5.50'',79.0,6' 7.00'',243.00,83.75,6' 11.75'',103.5,8' 7.50'',12.2,8.25,9.25,2022
1631254,1631254,Kenneth,Lofton Jr.,Kenneth Lofton Jr.,PF-C,,,,,,,,,,,,,2022
1631213,1631213,Tyrese,Martin,Tyrese Martin,SG-SF,,,,,,,,,,,,,2022
1631097,1631097,Bennedict,Mathurin,Bennedict Mathurin,SG,76.5,6' 4.50'',78.0,6' 6.00'',204.60,81.0,6' 9.00'',104.0,8' 8.00'',5.7,8.5,9.75,2022
1630571,1630571,Matthew,Mayer,Matthew Mayer,SF,80.0,6' 8.00'',81.25,6' 9.25'',216.40,82.5,6' 10.50'',105.0,8' 9.00'',11.1,9.0,10.25,2022
1631121,1631121,Bryce,McGowens,Bryce McGowens,SG,77.25,6' 5.25'',78.5,6' 6.50'',181.20,80.75,6' 8.75'',103.5,8' 7.50'',5.4,8.75,9.5,2022
1631159,1631159,Leonard,Miller,Leonard Miller,SF,80.5,6' 8.50'',82.0,6' 10.00'',211.00,86.0,7' 2.00'',106.5,8' 10.50'',5.7,9.25,10.5,2022
1631125,1631125,Josh,Minnott,Josh Minnott,PF,,,,,,,,,,,,,2022
1631198,1631198,Aminu,Mohammed,Aminu Mohammed,SG-SF,75.5,6' 3.50'',77.0,6' 5.00'',212.80,83.0,6' 11.00'',104.0,8' 8.00'',5.1,8.75,9.5,2022
1631129,1631129,Iverson,Molinar,Iverson Molinar,PG,74.25,6' 2.25'',75.25,6' 3.25'',183.20,80.0,6' 8.00'',101.0,8' 5.00'',4.8,8.5,9.5,2022
1631168,1631168,Jean,Montero,Jean Montero,PG,73.0,6' 1.00'',74.25,6' 2.25'',171.80,77.25,6' 5.25'',98.5,8' 2.50'',7.4,8.0,8.75,2022
1631111,1631111,Wendell,Moore,Wendell Moore,SG,76.25,6' 4.25'',77.5,6' 5.50'',217.20,84.5,7' 0.50'',101.0,8' 5.00'',7.5,8.75,10.25,2022
1631099,1631099,Keegan,Murray,Keegan Murray,PF,,,,,,,,,,,,,2022
1629614,1629614,Andrew,Nembhard,Andrew Nembhard,PG,75.0,6' 3.00'',76.5,6' 4.50'',195.60,77.75,6' 5.75'',99.0,8' 3.00'',4.4,8.0,9.5,2022
1630590,1630590,Scotty,Pippen Jr.,Scotty Pippen Jr.,PG,72.0,6' 0.00'',73.5,6' 1.50'',180.00,77.75,6' 5.75'',95.5,7' 11.50'',5.3,7.75,9.0,2022
1630629,1630629,Gabriele,Procida,Gabriele Procida,SG-SF,77.75,6' 5.75'',79.75,6' 7.75'',192.80,80.0,6' 8.00'',106.0,8' 10.00'',3.8,8.0,9.25,2022
1631197,1631197,Jared,Rhoden,Jared Rhoden,SG-SF,,,,,,,,,,,,,2022
1631115,1631115,Orlando,Robinson,Orlando Robinson,C,81.75,6' 9.75'',83.0,6' 11.00'',244.40,88.0,7' 4.00'',111.0,9' 3.00'',9.5,8.75,10.0,2022
1631223,1631223,David,Roddy,David Roddy,PF,76.5,6' 4.50'',78.0,6' 6.00'',260.80,83.5,6' 11.50'',105.0,8' 9.00'',11.6,8.75,10.0,2022
1631157,1631157,Ryan,Rollins,Ryan Rollins,SG,74.0,6' 2.00'',75.25,6' 3.25'',179.20,81.75,6' 9.75'',100.5,8' 4.50'',5.0,8.0,8.5,2022
1631204,1631204,Marcus,Sasser,Marcus Sasser,PG,,,,,,,,,,,,,2022
1631220,1631220,Dereon,Seabron,Dereon Seabron,SG,76.75,6' 4.75'',77.75,6' 5.75'',182.40,80.75,6' 8.75'',103.5,8' 7.50'',4.0,8.5,9.5,2022
1631101,1631101,Shaedon,Sharpe,Shaedon Sharpe,SG,76.25,6' 4.25'',77.25,6' 5.25'',198.00,83.5,6' 11.50'',103.5,8' 7.50'',4.8,9.0,9.25,2022
1631173,1631173,Terquavion,Smith,Terquavion Smith,SG,74.25,6' 2.25'',75.75,6' 3.75'',165.20,78.5,6' 6.50'',98.0,8' 2.00'',3.8,8.5,8.0,2022
1631095,1631095,Jabari,Smith,Jabari Smith,PF,,,,,,,,,,,,,2022
1631110,1631110,Jeremy,Sochan,Jeremy Sochan,PF,,,,,,,,,,,,,2022
1631164,1631164,Matteo,Spagnolo,Matteo Spagnolo,PG,76.0,6' 4.00'',77.5,6' 5.50'',196.20,80.0,6' 8.00'',102.0,8' 6.00'',8.6,8.25,10.0,2022
1631124,1631124,Julian,Strawther,Julian Strawther,SF,77.75,6' 5.75'',79.0,6' 7.00'',207.60,81.5,6' 9.50'',104.5,8' 8.50'',7.9,8.25,8.5,2022
1631207,1631207,Dalen,Terry,Dalen Terry,SG,78.0,6' 6.00'',79.25,6' 7.25'',195.20,84.75,7' 0.75'',106.0,8' 10.00'',5.4,8.5,9.0,2022
1631166,1631166,Drew,Timme,Drew Timme,C,80.25,6' 8.25'',81.25,6' 9.25'',231.60,86.0,7' 2.00'',107.5,8' 11.50'',15.7,9.0,10.0,2022
1631133,1631133,Jabari,Walker,Jabari Walker,PF,78.75,6' 6.75'',80.0,6' 8.00'',213.80,82.75,6' 10.75'',105.0,8' 9.00'',12.1,8.75,9.75,2022
1631102,1631102,TyTy,Washington Jr.,TyTy Washington Jr.,SG,74.25,6' 2.25'',75.75,6' 3.75'',196.40,80.0,6' 8.00'',99.5,8' 3.50'',12.0,8.5,9.25,2022
1631212,1631212,Peyton,Watson,Peyton Watson,SF,78.75,6' 6.75'',80.0,6' 8.00'',203.40,84.5,7' 0.50'',107.5,8' 11.50'',5.2,8.5,9.5,2022
1631104,1631104,Blake,Wesley,Blake Wesley,SG,75.0,6' 3.00'',76.25,6' 4.25'',187.20,81.25,6' 9.25'',103.0,8' 7.00'',5.6,8.25,9.0,2022
1631214,1631214,Alondes,Williams,Alondes Williams,SG,75.75,6' 3.75'',77.0,6' 5.00'',209.00,79.0,6' 7.00'',102.0,8' 6.00'',7.2,8.5,9.25,2022
1631114,1631114,Jalen,Williams,Jalen Williams,SG,76.5,6' 4.50'',77.75,6' 5.75'',209.20,86.25,7' 2.25'',105.5,8' 9.50'',8.9,8.5,9.5,2022
1631119,1631119,Jaylin,Williams,Jaylin Williams,C,80.75,6' 8.75'',82.0,6' 10.00'',236.60,85.0,7' 1.00'',108.5,9' 0.50'',8.0,8.5,10.5,2022
1630652,1630652,Trevion,Williams,Trevion Williams,C,79.25,6' 7.25'',80.75,6' 8.75'',264.60,86.75,7' 2.75'',108.5,9' 0.50'',10.8,9.0,10.25,2022
1631258,1631258,Bryson,Williams,Bryson Williams,PF-C,,,,,,,,,,,,,2022
1631109,1631109,Mark,Williams,Mark Williams,C,84.0,7' 0.00'',86.0,7' 2.00'',242.40,90.5,7' 6.50'',117.0,9' 9.00'',5.4,9.0,9.75,2022
1630592,1630592,Jalen,Wilson,Jalen Wilson,SF-PF,,,,,,,,,,,,,2022
1630855,1630855,Fanbo,Zeng,Fanbo Zeng,SF-PF,,,,,,,,,,,,,2022
1641725,1641725,Trey,Alexander,Trey Alexander,SG,75.25,6' 3.25'',,,184.60,82.0,6' 10.00'',101.5,8' 5.50'',,8.5,8.75,2023
1641735,1641735,Amari,Bailey,Amari Bailey,SG,75.25,6' 3.25'',,,190.80,79.0,6' 7.00'',103.5,8' 7.50'',,8.0,9.25,2023
1641734,1641734,Emoni,Bates,Emoni Bates,SF,80.25,6' 8.25'',,,179.20,81.0,6' 9.00'',105.0,8' 9.00'',,8.0,8.25,2023
1641736,1641736,Reece,Beekman,Reece Beekman,PG,73.5,6' 1.50'',,,190.60,79.0,6' 7.00'',100.5,8' 4.50'',,8.5,8.25,2023
1641710,1641710,Anthony,Black,Anthony Black,PG,77.75,6' 5.75'',,,210.00,79.5,6' 7.50'',102.5,8' 6.50'',,8.25,9.5,2023
1641737,1641737,Adem,Bona,Adem Bona,C,80.25,6' 8.25'',,,243.40,,,110.5,9' 2.50'',,9.25,10.0,2023
1641738,1641738,Kobe,Brown,Kobe Brown,PF,78.5,6' 6.50'',,,252.20,84.75,7' 0.75'',106.5,8' 10.50'',,8.75,9.75,2023
1641723,1641723,Kobe,Bufkin,Kobe Bufkin,SG,76.25,6' 4.25'',,,186.80,79.75,6' 7.75'',102.5,8' 6.50'',,8.0,9.25,2023
1641739,1641739,Toumani,Camara,Toumani Camara,PF,79.0,6' 7.00'',,,220.40,84.5,7' 0.50'',107.0,8' 11.00'',,9.0,10.0,2023
1631321,1631321,Sidy,Cissoko,Sidy Cissoko,SF,77.5,6' 5.50'',,,223.80,81.75,6' 9.75'',104.0,8' 8.00'',,9.25,10.0,2023
1641740,1641740,Jaylen,Clark,Jaylen Clark,SG,76.0,6' 4.00'',,,204.20,81.0,6' 9.00'',101.5,8' 5.50'',,8.5,9.0,2023
1641730,1641730,Noah,Clowney,Noah Clowney,PF,,,,,,,,,,,,,2023
1641731,1641731,Bilal,Coulibaly,Bilal Coulibaly,SG-SF,,,,,,,,,,,,,2023
1641741,1641741,Ricky,Council IV,Ricky Council IV,SF,77.0,6' 5.00'',,,208.00,81.0,6' 9.00'',103.0,8' 7.00'',,7.75,8.5,2023
1641711,1641711,Gradey,Dick,Gradey Dick,SG,78.25,6' 6.25'',,,204.00,80.75,6' 8.75'',101.0,8' 5.00'',,8.25,9.0,2023
1641743,1641743,Nikola,Djurisic,Nikola Djurisic,SF,79.0,6' 7.00'',,,217.60,80.25,6' 8.25'',102.0,8' 6.00'',,8.25,9.5,2023
1641744,1641744,Zach,Edey,Zach Edey,C,87.25,7' 3.25'',,,306.40,94.5,7' 10.50'',115.5,9' 7.50'',,9.75,11.0,2023
1641745,1641745,Adam,Flagler,Adam Flagler,PG,73.0,6' 1.00'',,,191.80,76.5,6' 4.50'',97.0,8' 1.00'',,8.0,9.25,2023
1641718,1641718,Keyonte,George,Keyonte George,SG,,,,,,,,,,,,,2023
1631243,1631243,Mouhamed,Gueye,Mouhamed Gueye,C,82.25,6' 10.25'',,,212.60,87.25,7' 3.25'',110.5,9' 2.50'',,9.0,10.0,2023
1641722,1641722,Jordan,Hawkins,Jordan Hawkins,SG,76.25,6' 4.25'',,,186.00,78.75,6' 6.75'',101.5,8' 5.50'',,8.25,8.75,2023
1641746,1641746,Coleman,Hawkins,Coleman Hawkins,PF,80.5,6' 8.50'',,,224.40,84.25,7' 0.25'',108.5,9' 0.50'',,8.75,8.75,2023
1630703,1630703,Scoot,Henderson,Scoot Henderson,PG,,,,,,,,,,,,,2023
1641707,1641707,Taylor,Hendricks,Taylor Hendricks,PF,80.25,6' 8.25'',,,213.60,84.5,7' 0.50'',107.0,8' 11.00'',,9.25,10.25,2023
1641747,1641747,DaRon,Holmes II,DaRon Holmes II,C,81.0,6' 9.00'',,,220.80,84.5,7' 0.50'',109.0,9' 1.00'',,8.5,9.5,2023
1641720,1641720,Jalen,Hood-Schifino,Jalen Hood-Schifino,PG,76.25,6' 4.25'',,,216.60,82.25,6' 10.25'',100.5,8' 4.50'',,9.0,9.75,2023
1641724,1641724,Jett,Howard,Jett Howard,SF,,,,,,,,,,,,,2023
1641713,1641713,GG,Jackson,GG Jackson,PF,80.25,6' 8.25'',,,214.40,83.5,6' 11.50'',106.0,8' 10.00'',,8.5,10.0,2023
1641748,1641748,Andre,Jackson Jr.,Andre Jackson Jr.,SF,77.5,6' 5.50'',,,198.40,81.75,6' 9.75'',103.0,8' 7.00'',,8.25,9.5,2023
1631218,1631218,Trayce,Jackson-Davis,Trayce Jackson-Davis,C,80.25,6' 8.25'',,,240.40,85.0,7' 1.00'',106.0,8' 10.00'',,9.25,10.75,2023
1631170,1631170,Jaime,Jaquez Jr.,Jaime Jaquez Jr.,SF,78.0,6' 6.00'',,,226.40,81.5,6' 9.50'',99.5,8' 3.50'',,8.5,9.5,2023
1641749,1641749,Keyontae,Johnson,Keyontae Johnson,SF,76.0,6' 4.00'',,,238.60,84.0,7' 0.00'',103.0,8' 7.00'',,9.0,9.0,2023
1641732,1641732,Colby,Jones,Colby Jones,SG,76.5,6' 4.50'',,,199.20,80.0,6' 8.00'',103.0,8' 7.00'',,8.25,8.5,2023
1641750,1641750,Ryan,Kalkbrenner,Ryan Kalkbrenner,C,84.75,7' 0.75'',,,251.80,89.0,7' 5.00'',112.5,9' 4.50'',,9.25,11.0,2023
1641751,1641751,Arthur,Kaluma,Arthur Kaluma,PF,78.25,6' 6.25'',,,221.80,84.5,7' 0.50'',103.5,8' 7.50'',,8.5,10.0,2023
1631340,1631340,Mojave,King,Mojave King,SG,75.75,6' 3.75'',,,200.60,80.0,6' 8.00'',101.0,8' 5.00'',,8.75,9.5,2023
1641752,1641752,Bobi,Klintman,Bobi Klintman,PF,,,,,,,,,,,,,2023
1641721,1641721,Maxwell,Lewis,Maxwell Lewis,SG,78.25,6' 6.25'',,,207.20,84.0,7' 0.00'',104.5,8' 8.50'',,8.75,9.5,2023
1641726,1641726,Dereck,Lively Jr.,Dereck Lively Jr.,C,,,,,,,,,,,,,2023
1641753,1641753,Chris,Livingston,Chris Livingston,SF,78.0,6' 6.00'',,,219.20,83.25,6' 11.25'',104.5,8' 8.50'',,8.5,9.0,2023
1641754,1641754,Seth,Lundy,Seth Lundy,SF,76.0,6' 4.00'',,,214.40,82.25,6' 10.25'',104.0,8' 8.00'',,8.5,9.0,2023
1631256,1631256,Kevin,McCullar,Kevin McCullar,SF,,,,,,,,,,,,,2023
1641756,1641756,Mike,Miles Jr.,Mike Miles Jr.,PG,72.75,6' 0.75'',,,205.00,72.5,6' 0.50'',96.0,8' 0.00'',,8.0,8.25,2023
1641757,1641757,Jordan,Miller,Jordan Miller,SF,76.5,6' 4.50'',,,191.60,83.75,6' 11.75'',103.5,8' 7.50'',,8.5,9.25,2023
1641706,1641706,Brandon,Miller,Brandon Miller,SF,,,,,,,,,,,,,2023
1631159,1631159,Leonard,Miller,Leonard Miller,PF,81.25,6' 9.25'',,,212.80,86.0,7' 2.00'',106.5,8' 10.50'',,9.5,10.5,2023
1641758,1641758,Judah,Mintz,Judah Mintz,PG,75.0,6' 3.00'',,,176.40,75.5,6' 3.50'',98.0,8' 2.00'',,8.25,9.25,2023
1641759,1641759,Dillon,Mitchell,Dillon Mitchell,PF,78.75,6' 6.75'',,,193.00,82.0,6' 10.00'',105.0,8' 9.00'',,8.25,9.5,2023
1641760,1641760,Omari,Moore,Omari Moore,SG,77.25,6' 5.25'',,,188.60,81.75,6' 9.75'',103.5,8' 7.5'',,9.0,10.25,2023
1631200,1631200,Kris,Murray,Kris Murray,PF,79.75,6' 7.75'',,,212.80,83.75,6' 11.75'',106.0,8' 10.00'',,8.5,9.0,2023
1641761,1641761,Grant,Nelson,Grant Nelson,PF,82.0,6' 10.00'',,,223.40,84.0,7' 0.00'',106.5,8' 10.50'',,9.0,9.5,2023
1641762,1641762,James,Nnaji,James Nnaji,C,,,,,,,,,,,,,2023
1641763,1641763,Julian,Phillips,Julian Phillips,SF,78.75,6' 6.75'',,,196.60,83.5,6' 11.50'',102.0,8' 6.00'',,8.5,9.0,2023
1629618,1629618,Jalen,Pickett,Jalen Pickett,PG,74.0,6' 2.00'',,,197.80,79.25,6' 7.25'',98.5,8' 2.50'',,8.5,7.5,2023
1641764,1641764,Brandin,Podziemski,Brandin Podziemski,SG,75.75,6' 3.75'',,,203.80,77.5,6' 5.50'',96.5,8' 0.50'',,8.25,10.0,2023
1641765,1641765,Olivier-Maxence,Prosper,Olivier-Maxence Prosper,PF,78.75,6' 6.75'',,,212.40,85.0,7' 1.00'',104.0,8' 8.00'',,8.25,10.0,2023
1641712,1641712,Rayan,Rupert,Rayan Rupert,SF,78.0,6' 6.00'',,,193.20,86.0,7' 2.00'',106.0,8' 10.00'',,8.5,9.5,2023
1641766,1641766,Adama,Sanogo,Adama Sanogo,C,79.25,6' 7.25'',,,257.80,86.75,7' 2.75'',108.5,9' 0.50'',,9.75,10.0,2023
1631204,1631204,Marcus,Sasser,Marcus Sasser,PG,73.25,6' 1.25'',,,195.60,79.0,6' 7.00'',99.5,8' 3.50'',,8.75,9.5,2023
1641729,1641729,Brice,Sensabaugh,Brice Sensabaugh,SF,,,,,,,,,,,,,2023
1630545,1630545,Terrence,Shannon Jr.,Terrence Shannon Jr.,SF,77.5,6' 5.50'',,,220.00,80.0,6' 8.00'',102.0,8' 6.00'',,8.25,8.0,2023
1641767,1641767,Ben,Sheppard,Ben Sheppard,SG,77.25,6' 5.25'',,,194.60,79.75,6' 7.75'',100.0,8' 4.00'',,8.5,9.5,2023
1641771,1641771,Jalen,Slawson,Jalen Slawson,PF,78.5,6' 6.50'',,,221.60,83.75,6' 11.75'',106.0,8' 10.00'',,9.0,9.0,2023
1631173,1631173,Terquavion,Smith,Terquavion Smith,SG,74.5,6' 2.50'',,,163.20,78.75,6' 6.75'',98.0,8' 2.00'',,8.5,8.0,2023
1641733,1641733,Nick,Smith Jr.,Nick Smith Jr.,SG,,,,,,,,,,,,,2023
1631124,1631124,Julian,Strawther,Julian Strawther,SF,78.0,6' 6.00'',,,208.80,81.25,6' 9.25'',105.0,8' 9.00'',,8.25,8.25,2023
1641708,1641708,Amen,Thompson,Amen Thompson,SG,77.75,6' 5.75'',,,214.20,84.0,7' 0.00'',103.5,8' 7.50'',,8.5,8.5,2023
1641709,1641709,Ausar,Thompson,Ausar Thompson,SG,77.75,6' 5.75'',,,218.20,84.0,7' 0.00'',104.0,8' 8.00'',,8.75,9.25,2023
1631166,1631166,Drew,Timme,Drew Timme,C,80.75,6' 8.75'',,,243.20,85.75,7' 1.75'',108.5,9' 0.50'',,9.0,10.0,2023
1641772,1641772,Nae'Qwan,Tomlin,Nae'Qwan Tomlin,PF,,,,,,,,,,,,,2023
1631131,1631131,Oscar,Tshiebwe,Oscar Tshiebwe,C,79.25,6' 7.25'',,,253.60,87.5,7' 3.50'',108.0,9' 0.00'',,9.75,10.25,2023
1641773,1641773,Azuolas,Tubelis,Azuolas Tubelis,PF,80.75,6' 8.75'',,,234.80,83.0,6' 11.00'',108.0,9' 0.00'',,9.0,10.5,2023
1641774,1641774,Tristan,Vukcevic,Tristan Vukcevic,C,83.25,6' 11.25'',,,223.40,86.5,7' 2.50'',111.0,9' 3.00'',,9.0,10.25,2023
1641716,1641716,Jarace,Walker,Jarace Walker,PF,78.5,6' 6.50'',,,248.60,86.5,7' 2.50'',104.5,8' 8.50'',,9.0,10.0,2023
1641717,1641717,Cason,Wallace,Cason Wallace,PG,74.5,6' 2.50'',,,195.20,80.5,6' 8.50'',101.0,8' 5.00'',,8.5,9.25,2023
1641775,1641775,Jordan,Walsh,Jordan Walsh,SF,77.75,6' 5.75'',,,204.00,85.75,7' 1.75'',107.0,8' 11.00'',,8.75,8.5,2023
1641705,1641705,Victor,Wembanyama,Victor Wembanyama,C,,,,,,,,,,,,,2023
1641727,1641727,Dariq,Whitehead,Dariq Whitehead,SG,77.75,6' 5.75'',,,217.20,82.25,6' 10.25'',103.5,8' 7.50'',,8.5,10.0,2023
1641715,1641715,Cam,Whitmore,Cam Whitmore,SF,77.75,6' 5.75'',,,235.00,80.5,6' 8.50'',103.5,8' 7.50'',,8.0,8.25,2023
1630592,1630592,Jalen,Wilson,Jalen Wilson,SF,77.5,6' 5.50'',,,230.20,80.0,6' 8.00'',99.5,8' 3.50'',,8.25,9.0,2023
1631209,1631209,Isaiah,Wong,Isaiah Wong,SG,74.5,6' 2.50'',,,178.40,78.75,6' 6.75'',97.5,8' 1.50'',,8.25,9.5,2023
1642369,1642369,Michael,Ajayi,Michael Ajayi,SF,77.75,6' 5.75'',,,227.80,84.75,7' 0.75'',106.5,8' 10.50'',,9.5,9.75,2024
1642351,1642351,Melvin,Ajinca,Melvin Ajinca,SF,79.25,6' 7.25'',,,213.8,79.5,6' 7.5'',106.5,8' 10.5'',,8.5,9.75,2024
1641725,1641725,Trey,Alexander,Trey Alexander,SG,75.25,6' 3.25'',,,187.00,82.5,6' 10.50'',101.5,8' 5.50'',,8.75,10.0,2024
1641891,1641891,Izan,Almansa,Izan Almansa,C,81.25,6' 9.25'',,,219.60,85.0,7' 1.00'',110.0,9' 2.00'',,9.25,9.25,2024
1641736,1641736,Reece,Beekman,Reece Beekman,PG,73.25,6' 1.25'',,,196.44,78.5,6' 6.50'',100.0,8' 4.00'',,8.5,9.0,2024
1641737,1641737,Adem,Bona,Adem Bona,C,80.25,6' 8.25'',,,243.20,87.75,7' 3.75'',108.0,9' 0.00'',,9.5,10.0,2024
1642350,1642350,Trevon,Brazile,Trevon Brazile,PF,81.25,6' 9.25'',,,215.00,87.75,7' 3.75'',108.5,9' 0.50'',,9.0,10.25,2024
1641779,1641779,Jalen,Bridges,Jalen Bridges,SF,78.75,6' 6.75'',,,213.40,82.0,6' 10.00'',105.0,8' 9.00'',,9.0,10.0,2024
1641824,1641824,Matas,Buzelis,Matas Buzelis,SF,80.75,6' 8.75'',,,197.00,82.0,6' 10.00'',105.5,8' 9.50'',,8.5,9.25,2024
1642267,1642267,Carlton,Carrington,Carlton Carrington,PG,75.75,6' 3.75'',,,194.80,80.0,6' 8.00'',99.0,8' 3.00'',,8.5,9.25,2024
1642269,1642269,Devin,Carter,Devin Carter,SG,74.25,6' 2.25'',,,193.00,80.75,6' 8.75'',98.0,8' 2.00'',,8.75,9.0,2024
1642264,1642264,Stephon,Castle,Stephon Castle,SG,77.5,6' 5.50'',,,210.00,81.0,6' 9.00'',102.0,8' 6.00'',,8.75,8.75,2024
1642279,1642279,Ulrich,Chomche,Ulrich Chomche,C,82.25,6' 10.25'',,,232.40,88.0,7' 4.00'',109.0,9' 1.00'',,9.25,10.25,2024
1642353,1642353,Cam,Christie,Cam Christie,SG,76.5,6' 4.50'',,,190.40,80.0,6' 8.00'',101.5,8' 5.50'',,8.0,8.0,2024
1642363,1642363,Nique,Clifford,Nique Clifford,SF,77.0,6' 5.00'',,,198.60,80.0,6' 8.00'',102.0,8' 6.00'',,8.0,9.0,2024
1642270,1642270,Donovan,Clingan,Donovan Clingan,C,85.75,7' 1.75'',,,282.00,90.75,7' 6.75'',115.0,9' 7.00'',,10.0,10.25,2024
1642268,1642268,Isaiah,Collier,Isaiah Collier,PG,74.5,6' 2.50'',,,204.60,76.75,6' 4.75'',97.5,8' 1.50'',,8.5,9.0,2024
1641783,1641783,Tristan,Da Silva,Tristan Da Silva,PF,80.25,6' 8.25'',,,216.80,82.25,6' 10.25'',104.5,8' 8.50'',,9.0,9.5,2024
1642359,1642359,Pacome,Dadiet,Pacome Dadiet,SF,79.75,6' 7.75'',,,216.8,81.0,6' 9'',107.5,8' 11.5'',,8.5,9.0,2024
1642368,1642368,N'Faly,Dante,N'Faly Dante,C,82.0,6' 10.00'',,,260.20,90.0,7' 6.00'',111.0,9' 3.00'',,9.25,10.0,2024
1642265,1642265,Robert,Dillingham,Robert Dillingham,PG,73.0,6' 1.00'',,,164.20,75.0,6' 3.00'',95.0,7' 11.00'',,8.0,8.25,2024
1641743,1641743,Nikola,Djurisic,Nikola Djurisic,SF,79.0,6' 7.00'',,,208.80,80.0,6' 8.00'',102.5,8' 6.50'',,8.5,10.0,2024
1642346,1642346,Ryan,Dunn,Ryan Dunn,PF,78.25,6' 6.25'',,,213.60,85.5,7' 1.50'',103.0,8' 7.00'',,9.0,9.75,2024
1641744,1641744,Zach,Edey,Zach Edey,C,87.75,7' 3.75'',,,299.00,94.75,7' 10.75'',115.0,9' 7.00'',,10.0,10.75,2024
1642348,1642348,Justin,Edwards,Justin Edwards,SF,78.0,6' 6.00'',,,209.40,82.0,6' 10.00'',102.5,8' 6.50'',,8.75,8.75,2024
1642399,1642399,Jesse,Edwards,Jesse Edwards,C,83.5,6' 11.50'',,,236.00,89.0,7' 5.00'',111.0,9' 3.00'',,9.25,10.0,2024
1642407,1642407,Boogie,Ellis,Boogie Ellis,PG-SG,72.75,6' 0.75'',,,185.00,79.0,6' 7.00'',98.0,8' 2.00'',,9.0,9.5,2024
1642271,1642271,Kyle,Filipowski,Kyle Filipowski,PF,82.75,6' 10.75'',,,229.80,82.5,6' 10.50'',107.0,8' 11.00'',,8.75,9.5,2024
1642280,1642280,Trentyn,Flowers,Trentyn Flowers,SF,78.5,6' 6.50'',,,201.40,80.25,6' 8.25'',100.5,8' 4.50'',,8.75,9.5,2024
1642402,1642402,Enrique,Freeman,Enrique Freeman,PF,79.25,6' 7.25'',,,212.00,86.0,7' 2.00'',108.0,9' 0.00'',,8.75,10.0,2024
1642277,1642277,Johnny,Furphy,Johnny Furphy,SF,79.5,6' 7.50'',,,188.80,80.0,6' 8.00'',104.5,8' 8.50'',,8.0,9.5,2024
1642273,1642273,Kyshawn,George,Kyshawn George,SF,79.0,6' 7.00'',,,208.80,82.25,6' 10.25'',105.0,8' 9.00'',,9.0,10.25,2024
1642360,1642360,Tyon,Grant-Foster,Tyon Grant-Foster,SF,77.75,6' 5.75'',,,215.20,83.75,6' 11.75'',104.0,8' 8.00'',,8.75,9.25,2024
1641790,1641790,PJ,Hall,PJ Hall,C,80.25,6' 8.25'',,,239.60,85.5,7' 1.50'',103.5,8' 7.50'',,9.0,9.75,2024
1641746,1641746,Coleman,Hawkins,Coleman Hawkins,PF,80.25,6' 8.25'',,,215.20,84.0,7' 0.00'',107.0,8' 11.00'',,8.75,8.75,2024
1641842,1641842,Ron,Holland II,Ron Holland II,SF,78.5,6' 6.50'',,,196.80,82.75,6' 10.75'',104.0,8' 8.00'',,8.75,9.0,2024
1641747,1641747,DaRon,Holmes II,DaRon Holmes II,C,80.75,6' 8.75'',,,236.20,85.0,7' 1.00'',108.0,9' 0.00'',,8.75,9.0,2024
1630574,1630574,Ariel,Hukporti,Ariel Hukporti,C,82.75,6' 10.75'',,,246.20,86.5,7' 2.50'',111.0,9' 3.00'',,9.25,10.25,2024
1642345,1642345,Oso,Ighodaro,Oso Ighodaro,C,81.5,6' 9.50'',,,222.00,83.0,6' 11.00'',104.5,8' 8.50'',,9.0,10.0,2024
1631127,1631127,Harrison,Ingram,Harrison Ingram,SF,77.25,6' 5.25'',,,233.60,84.25,7' 0.25'',102.5,8' 6.50'',,9.0,10.25,2024
1642355,1642355,Bronny,James,Bronny James,SG,73.5,6' 1.50'',,,210.40,79.25,6' 7.25'',98.5,8' 2.50'',,8.5,9.5,2024
1642358,1642358,AJ,Johnson,AJ Johnson,SG,76.25,6' 4.25'',,,167.00,80.5,6' 8.50'',102.0,8' 6.00'',,8.5,8.5,2024
1642352,1642352,Keshad,Johnson,Keshad Johnson,PF,78.25,6' 6.25'',,,224.00,82.25,6' 10.25'',103.0,8' 7.00'',,9.25,10.75,2024
1641794,1641794,Dillon,Jones,Dillon Jones,SF,76.5,6' 4.50'',,,236.80,83.0,6' 11.00'',100.5,8' 4.50'',,9.0,9.25,2024
1642357,1642357,David,Jones,David Jones,SF,75.5,6' 3.50'',,,211.20,78.75,6' 6.75'',100.0,8' 4.00'',,8.5,9.5,2024
1642403,1642403,Isaac,Jones,Isaac Jones,C,79.75,6' 7.75'',,,235.00,87.0,7' 3.00'',108.0,9' 0.00'',,9.25,10.25,2024
1642284,1642284,Alex,Karaban,Alex Karaban,PF,78.5,6' 6.50'',,,219.20,83.0,6' 11.00'',106.5,8' 10.50'',,8.75,9.25,2024
1641752,1641752,Bobi,Klintman,Bobi Klintman,PF,80.75,6' 8.75'',,,212.20,83.0,6' 11.00'',106.5,8' 10.50'',,8.75,10.0,2024
1642261,1642261,Dalton,Knecht,Dalton Knecht,SF,77.25,6' 5.25'',,,212.20,81.0,6' 9.00'',103.5,8' 7.50'',,8.5,9.5,2024
1642278,1642278,Tyler,Kolek,Tyler Kolek,PG,73.25,6' 1.25'',,,196.60,74.75,6' 2.75'',95.0,7' 11.00'',,8.25,9.5,2024
1641796,1641796,Pelle,Larsson,Pelle Larsson,SG,77.25,6' 5.25'',,,212.40,79.5,6' 7.50'',102.0,8' 6.00'',,8.75,10.25,2024
1642272,1642272,Jared,McCain,Jared McCain,SG,74.0,6' 2.00'',,,203.20,75.5,6' 3.50'',98.0,8' 2.00'',,8.25,9.5,2024
1641755,1641755,Kevin,McCullar Jr.,Kevin McCullar Jr.,SF,77.25,6' 5.25'',,,205.80,81.0,6' 9.00'',103.0,8' 7.00'',,8.75,9.5,2024
1642274,1642274,Yves,Missi,Yves Missi,C,82.75,6' 10.75'',,,229.40,86.0,7' 2.00'',109.5,9' 1.50'',,9.5,10.0,2024
1642349,1642349,Ajay,Mitchell,Ajay Mitchell,PG,75.25,6' 3.25'',,,197.00,78.25,6' 6.25'',101.0,8' 5.00'',,8.5,8.5,2024
1642367,1642367,Jonathan,Mogbo,Jonathan Mogbo,PF,78.25,6' 6.25'',,,217.20,86.0,7' 2.00'',108.5,9' 0.50'',,8.75,8.75,2024
1641803,1641803,Tristen,Newton,Tristen Newton,PG,75.25,6' 3.25'',,,191.80,78.75,6' 6.75'',100.0,8' 4.00'',,8.5,9.0,2024
1642361,1642361,Juan,Nunez,Juan Nunez,PG,76.0,6' 4'',,,205.6,78.5,6' 6.5'',102.0,8' 6'',,8.5,9.5,2024
1642366,1642366,Quinten,Post,Quinten Post,C,84.0,7' 0.00'',,,244.40,86.5,7' 2.50'',112.0,9' 4.00'',,9.25,10.0,2024
1641810,1641810,Antonio,Reeves,Antonio Reeves,SG,76.5,6' 4.50'',,,186.60,80.25,6' 8.25'',100.5,8' 4.50'',,9.0,10.0,2024
1642258,1642258,Zaccharie,Risacher,Zaccharie Risacher,SF,80.5,6' 8.5'',,,194.6,81.5,6' 9.5'',107.0,8' 11'',,8.5,8.75,2024
1642283,1642283,Jaxson,Robinson,Jaxson Robinson,SG,76.75,6' 4.75'',,,188.60,83.25,6' 11.25'',103.0,8' 7.00'',,9.0,9.5,2024
1642275,1642275,Tidjane,Salaun,Tidjane Salaun,PF,80.75,6' 8.75'',,,217.4,85.5,7' 1.5'',110.0,9' 2'',,8.5,9.75,2024
1642282,1642282,Hunter,Sallis,Hunter Sallis,SG,75.5,6' 3.50'',,,179.40,81.75,6' 9.75'',100.5,8' 4.50'',,8.0,9.5,2024
1642362,1642362,Payton,Sandfort,Payton Sandfort,SF,78.25,6' 6.25'',,,212.00,80.0,6' 8.00'',104.0,8' 8.00'',,8.5,9.0,2024
1642259,1642259,Alexandre,Sarr,Alexandre Sarr,C,83.75,6' 11.75'',,,224.20,88.25,7' 4.25'',110.0,9' 2.00'',,9.0,10.0,2024
1631248,1631248,Baylor,Scheierman,Baylor Scheierman,SF,78.25,6' 6.25'',,,201.60,80.25,6' 8.25'',102.5,8' 6.50'',,9.25,9.75,2024
1641813,1641813,Mark,Sears,Mark Sears,PG,70.25,5' 10.25'',,,192.40,74.0,6' 2.00'',92.0,7' 8.00'',,8.0,8.5,2024
1630545,1630545,Terrence,Shannon Jr.,Terrence Shannon Jr.,SF,77.75,6' 5.75'',,,219.40,80.75,6' 8.75'',100.0,8' 4.00'',,8.75,8.5,2024
1642347,1642347,Jamal,Shead,Jamal Shead,PG,72.25,6' 0.25'',,,200.80,75.0,6' 3.00'',96.0,8' 0.00'',,8.25,8.75,2024
1642263,1642263,Reed,Sheppard,Reed Sheppard,PG,73.75,6' 1.75'',,,181.60,75.25,6' 3.25'',93.5,7' 9.50'',,7.75,9.0,2024
1642354,1642354,KJ,Simpson,KJ Simpson,PG,72.25,6' 0.25'',,,187.00,76.5,6' 4.50'',93.5,7' 9.50'',,8.25,9.25,2024
1641890,1641890,Tyler,Smith,Tyler Smith,PF,81.0,6' 9.00'',,,223.80,85.0,7' 1.00'',105.0,8' 9.00'',,8.5,9.0,2024
1642285,1642285,Cam,Spencer,Cam Spencer,SG,75.0,6' 3.00'',,,201.80,77.0,6' 5.00'',98.5,8' 2.50'',,8.5,9.75,2024
1641772,1641772,Nae'Qwan,Tomlin,Nae'Qwan Tomlin,PF,80.25,6' 8.25'',,,205.00,86.5,7' 2.50'',109.0,9' 1.00'',,9.0,10.0,2024
1642260,1642260,Nikola,Topic,Nikola Topic,PG,77.75,6' 5.75'',,,203,77.5,6' 5.5'',102.0,8' 6'',,8.0,9.0,2024
1642356,1642356,JT,Toppin,JT Toppin,PF,79.0,6' 7.00'',,,221.00,84.5,7' 0.50'',106.0,8' 10.00'',,9.25,9.25,2024
1642281,1642281,Jaylon,Tyson,Jaylon Tyson,SF,77.5,6' 5.50'',,,218.20,80.0,6' 8.00'',102.5,8' 6.50'',,8.25,9.5,2024
1642266,1642266,Ja'Kobe,Walter,Ja'Kobe Walter,SG,76.25,6' 4.25'',,,197.60,82.0,6' 10.00'',102.5,8' 6.50'',,8.75,9.75,2024
1642276,1642276,Kel'el,Ware,Kel'el Ware,C,83.75,6' 11.75'',,,230.00,88.5,7' 4.50'',112.5,9' 4.50'',,9.5,10.25,2024
1642364,1642364,Jamir,Watkins,Jamir Watkins,SF,77.0,6' 5.00'',,,211.60,82.75,6' 10.75'',104.0,8' 8.00'',,9.0,9.5,2024
1642377,1642377,Jaylen,Wells,Jaylen Wells,SF,78.5,6' 6.50'',,,206.20,79.25,6' 7.25'',103.5,8' 7.50'',,8.25,9.25,2024
1642262,1642262,Cody,Williams,Cody Williams,SF,78.5,6' 6.50'',,,178.40,85.0,7' 1.00'',103.0,8' 7.00'',,8.25,9.0,2024
